{
    "$schema" : "https://json-schema.org/draft/2020-12/schema",
    "$id" : "http://example.org/data.shema.json",
    "type" : "object",
    "required": ["universities"],
    "properties": {
        "universities" : { 
            "type" : "array",
            "items": { "$ref" : "#/$defs/University"  }
        }   
    },
    "$defs" : {
        "University" : {
            "title" : "University",                                                                                                                                                                          
            "type" : "object",
            "required" : ["universityName", "universityWebsite", "hasFaculty"],
            "properties" : {
                "universityName" : {
                    "$ref" : "#/$defs/langName"
                },
                "universityWebsite" : {
                    "type" : "array",
                    "items" : {
                        "type" : "string",
                        "format" : "uri"
                    },
                    "minItems" : 1
                },
                "hasFaculty" : {
                    "type" : "array",
                    "items" : { "$ref" : "#/$defs/Faculty" },
                    "minItems" : 0
                }
            }
        },
        "Faculty" : {
            "title" : "Faculty",
            "type" : "object",
            "required" : ["facultyName", "facultyWebsite", "offers", "isVisitedBy", "employs"],
            "properties" : {
                "facultyName" : {
                    "$ref" : "#/$defs/langName"
                },
                "facultyWebsite" : {
                    "type" : "array",
                    "items" : {
                        "type" : "string",
                        "format" : "uri" 
                    },
                    "minItems" : 1
                },
                "offers" : {
                    "type" : "array",
                    "items" : { "$ref" : "#/$defs/Course" },
                    "minItems" : 0 
                },
                "isVisitedBy" : {
                    "type" : "array",
                    "items" : { "$ref" :  "#/$defs/Student" },
                    "minItems" : 0
                },
                "employs" : {
                    "type" : "array",
                    "items" : { "$ref" : "#/$defs/Teacher" },
                    "minItems" : 0
                }
                
            }
        },
        "Course" : {
            "title" : "Course",
            "type" : "object",
            "required" : ["courseName", "courseCode", "courseWebsite", "isStudiedBy", "isTaughtBy"],
            "properties" : {
                "courseName" : {
                    "$ref" : "#/$defs/langName"
                },
                "courseCode" : {
                    "type" : "string"
                },
                "courseWebsite" : {
                    "type" : "array",
                    "items" : {
                        "type" : "string",
                        "format" : "uri"
                    },
                    "minItems" : 0
                },
                "isStudiedBy" : {
                    "type" : "array",
                    "items" : { "$ref" :  "#/$defs/Student" },
                    "minItems" : 0
                },
                "isTaughtBy" : {
                    "type" : "array",
                    "items" : { "$ref" : "#/$defs/Teacher" },
                    "minItems" : 1
                }
            }
        },
        "Student" : {
            "title" : "Student",
            "type" : "object",
            "required" : ["name", "hasBirthDate"], 
            "properties": {
                "name" : {
                    "$ref" : "#/$defs/langName"
                },
                "hasBirthDate" : {
                    "type" : "string",
                    "format" : "date"
                }
            }
        },
        "Teacher" : {
            "title" : "Teacher",
            "type" : "object",
            "required" : ["name", "hasBirthDate"], 
            "properties": {
                "name" : {
                    "$ref" : "#/$defs/langName"
                },
                "hasBirthDate" : {
                    "type" : "string",
                    "format" : "date"
                }
            }
        },
        "langName" : {
            "title" : "Language Name",
            "type" : "object",
            "properties" : {
                "en" : {
                    "type" : "array",
                    "items" : { "type" : "string" },
                    "minItems" : 0
                },
                "sk" : {
                    "type" : "array",
                    "items" : { "type" : "string" },
                    "minItems" : 0
                },
                "cs" : {
                    "type" : "array",
                    "items" : { "type" : "string" },
                    "minItems" : 0
                }
            }
        }
        
    }
}